run_accession	text_for_prediction	terms_logistic_regression	category_logistic_regression	subcategory_logistic_regression
ERR3697153	        Cystic fibrosis lung   -             	Infection: Disease; Cystic fibrosis	['Infection']	['Disease; Cystic fibrosis']
SRR8737545	   - ear infection                  -  	Host Body-Site: Organ; Ear	['Host Body-Site']	['Organ; Ear']
ERR431140	young cystic fibrosis patients                        	Infection: Disease; Cystic fibrosis	['Infection']	['Disease; Cystic fibrosis']
ERR2322198	        cystic fibrosis airways isolate from sputum sample                	Infection: Disease; Cystic fibrosis	['Infection']	['Disease; Cystic fibrosis']
SRR27502053	   otitis Ear Swab  -          -       - -	Host Body-Site: Organ; Ear	['Host Body-Site']	['Organ; Ear']
SRR24890546	   - Lubricant Eye Drops                    	Host Body-Site: Organ; Eye	['Host Body-Site']	['Organ; Eye']
SRR13435732	   not collected eye            -  -      	Host Body-Site: Organ; Eye	['Host Body-Site']	['Organ; Eye']
SRR8351329	   Cystic fibrosis Sputum sample             -     -  	Infection: Disease; Cystic fibrosis	['Infection']	['Disease; Cystic fibrosis']
SRR25818364	cystic fibrosis patients cystic fibrosis patients cystic fibrosis patients Cystic Fibrosis respiratory    -       -      -   	Infection: Disease; Cystic fibrosis	['Infection']	['Disease; Cystic fibrosis']
SRR31417083	patients with cystic fibrosis   Cystic fibrosis, pseudomonas infection sputum                    	Infection: Disease; Cystic fibrosis	['Infection']	['Disease; Cystic fibrosis']
SRR17283908	   Cystic Fibrosis sputum                    	Infection: Disease; Cystic fibrosis	['Infection']	['Disease; Cystic fibrosis']
SRR27140059	        Expectorated sputum             Cystic fibrosis   	Infection: Disease; Cystic fibrosis	['Infection']	['Disease; Cystic fibrosis']
SRR6483190	   cystic fibrosis Australia    -             -   	Infection: Disease; Cystic fibrosis	['Infection']	['Disease; Cystic fibrosis']
SRR36784808	cystic fibrosis patients in Stockholm, Sweden blood steam infection blood steam infection Blood stream infection blood                    	Infection: Disease; Cystic fibrosis	['Infection']	['Disease; Cystic fibrosis']
ERR10011719	CYSTIC FIBROSIS PATIENTS    human                    	Infection: Disease; Cystic fibrosis	['Infection']	['Disease; Cystic fibrosis']
SRR24928513	Companion Animals to Determine Mechanisms of Antimicrobial Resistance   - canine ear                    	Host Body-Site: Organ; Ear	['Host Body-Site']	['Organ; Ear']
SRR30916324	   - eye discharge                    	Host Body-Site: Organ; Eye	['Host Body-Site']	['Organ; Eye']
SRR9824840	early cystic fibrosis lung infection    not applicable                    	Infection: Disease; Cystic fibrosis	['Infection']	['Disease; Cystic fibrosis']
SRR39756586	ocular and other clinical infections bacterial keratitis bacterial keratitis bacterial keratitis Corneal scraping                    	Host Body-Site: Organ; Eye	['Host Body-Site']	['Organ; Eye']
SRR19575446	   cystic fibrosis bronchoalveolar lavage fluid                    	Infection: Disease; Cystic fibrosis	['Infection']	['Disease; Cystic fibrosis']
ERR1538268	patients attending a cystic fibrosis centre in Brisbane.    -    sputum -               	Infection: Disease; Cystic fibrosis	['Infection']	['Disease; Cystic fibrosis']
SRR34269087	   Cystic Fibrosis sputum                    	Infection: Disease; Cystic fibrosis	['Infection']	['Disease; Cystic fibrosis']
ERR1531724	    - - - - sputum                		[]	[]
SRR8586094	   - -             cystic fibrosis patient     -  	Infection: Disease; Cystic fibrosis	['Infection']	['Disease; Cystic fibrosis']
SRR21537018	   aural infection ear swabs                    	Host Body-Site: Organ; Ear	['Host Body-Site']	['Organ; Ear']
SRR8942500	   Cystic Fibrosis Sputum49                    	Infection: Disease; Cystic fibrosis	['Infection']	['Disease; Cystic fibrosis']
ERR16741959	children with cystic fibrosis    clinical isolate                    	Infection: Disease; Cystic fibrosis	['Infection']	['Disease; Cystic fibrosis']
SRR31254167	 CF sputum CF sputum Cystic Fibrosis sputum                    	Infection: Disease; Cystic fibrosis	['Infection']	['Disease; Cystic fibrosis']
SRR31613341	   Cystic fibrosis Cystic fibrosis sputum                    	Infection: Disease; Cystic fibrosis	['Infection']	['Disease; Cystic fibrosis']
SRR24707197	   cystic fibrosis missing                    	Infection: Disease; Cystic fibrosis	['Infection']	['Disease; Cystic fibrosis']
SRR23686941	   - eye                  eye  	Host Body-Site: Organ; Eye	['Host Body-Site']	['Organ; Eye']
SRR11288287	   Cystic Fibrosis Infant Bronchiectasis missing           -         	Infection: Disease; Cystic fibrosis	['Infection']	['Disease; Cystic fibrosis']
SRR32160451	companion animals in Japan   - Ear discharge                    -	Host Body-Site: Organ; Ear	['Host Body-Site']	['Organ; Ear']
SRR1014161	   - -        -   General Eye         	Host Body-Site: Organ; Eye	['Host Body-Site']	['Organ; Eye']
SRR28196902	   Otitis Ear exudate  -          -       - -	Host Body-Site: Organ; Ear	['Host Body-Site']	['Organ; Ear']
SRR28862967	   missing ear                    	Host Body-Site: Organ; Ear	['Host Body-Site']	['Organ; Ear']
SRR1014199	   - -           eye -        	Host Body-Site: Organ; Eye	['Host Body-Site']	['Organ; Eye']
ERR16138758	cystic fibrosis (CF) and non-CF-patients    laboratory    - -               	Infection: Disease; Cystic fibrosis	['Infection']	['Disease; Cystic fibrosis']
SRR35166706	   not collected eye                  -  -	Host Body-Site: Organ; Eye	['Host Body-Site']	['Organ; Eye']
SRR27842630	cystic fibrosis patients   Cystic Fibrosis sputum  -          -       - -	Infection: Disease; Cystic fibrosis	['Infection']	['Disease; Cystic fibrosis']
ERR3611294	people with cystic fibrosis        -  Cystic fibrosis              	Infection: Disease; Cystic fibrosis	['Infection']	['Disease; Cystic fibrosis']
SRR8994074	   cystic fibrosis sputum              exacerbation      	Infection: Disease; Cystic fibrosis	['Infection']	['Disease; Cystic fibrosis']
SRR1014464	   - -           Cystic fibrosis -        	Infection: Disease; Cystic fibrosis	['Infection']	['Disease; Cystic fibrosis']
SRR1014477	   - -           Cystic fibrosis -        	Infection: Disease; Cystic fibrosis	['Infection']	['Disease; Cystic fibrosis']
SRR1014319	   - -           ear -        	Host Body-Site: Organ; Ear	['Host Body-Site']	['Organ; Ear']
ERR14732654	chronic lung infections    sputum from cystic fibrosis patient - - - -                	Infection: Disease; Cystic fibrosis	['Infection']	['Disease; Cystic fibrosis']
SRR1014458	   - -           Cystic fibrosis -        	Infection: Disease; Cystic fibrosis	['Infection']	['Disease; Cystic fibrosis']
SRR1014481	   - -           cystic fibrosis isolate -        	Infection: Disease; Cystic fibrosis	['Infection']	['Disease; Cystic fibrosis']
SRR28533055	   cystic fibrosis sinus                    	Infection: Disease; Cystic fibrosis	['Infection']	['Disease; Cystic fibrosis']
SRR31904122	newly-infected individuals with cystic fibrosis   Cystic fibrosis oropharynx, sputum, or bronchoalveolar lavage                    -	Infection: Disease; Cystic fibrosis	['Infection']	['Disease; Cystic fibrosis']
SRR33388173	   - expectoration, cystic fibrosis                    -	Infection: Disease; Cystic fibrosis	['Infection']	['Disease; Cystic fibrosis']
SRR1014150	   - -        -   eye         	Host Body-Site: Organ; Eye	['Host Body-Site']	['Organ; Eye']
SRR1014138	   - -        -   General Eye         	Host Body-Site: Organ; Eye	['Host Body-Site']	['Organ; Eye']
SRR23456573	   - -    ICU respiratory sample             Bacterial pneumonia   		[]	[]
SRR1014097	   - -        -   General Eye         	Host Body-Site: Organ; Eye	['Host Body-Site']	['Organ; Eye']
SRR1014057	   - -        -   eye         	Host Body-Site: Organ; Eye	['Host Body-Site']	['Organ; Eye']
ERR13863800	people with cystic fibrosis    sputum - - - -                	Infection: Disease; Cystic fibrosis	['Infection']	['Disease; Cystic fibrosis']
SRR1014129	   - -        -   eye         	Host Body-Site: Organ; Eye	['Host Body-Site']	['Organ; Eye']
SRR1014183	   - -        -   eye         	Host Body-Site: Organ; Eye	['Host Body-Site']	['Organ; Eye']
SRR1014488	   - -           cystic fibrosis isolate -        	Infection: Disease; Cystic fibrosis	['Infection']	['Disease; Cystic fibrosis']
ERR10818797	Lagos, Nigeria    ear swab                    	Host Body-Site: Organ; Ear	['Host Body-Site']	['Organ; Ear']
SRR1014469	   - -           Cystic fibrosis -        	Infection: Disease; Cystic fibrosis	['Infection']	['Disease; Cystic fibrosis']
SRR25320327	Cystic Fibrosis airway samples   - -                    	Infection: Disease; Cystic fibrosis	['Infection']	['Disease; Cystic fibrosis']
SRR1014196	   - -           eye -        	Host Body-Site: Organ; Eye	['Host Body-Site']	['Organ; Eye']
SRR1014046	   - -        -   General Eye         	Host Body-Site: Organ; Eye	['Host Body-Site']	['Organ; Eye']
SRR1014190	   - -           General Eye -        	Host Body-Site: Organ; Eye	['Host Body-Site']	['Organ; Eye']
SRR25684270	 patients within the same hospital patients within the same hospital Cystic Fibrosis cystic fibrosis    -       -      -   	Infection: Disease; Cystic fibrosis	['Infection']	['Disease; Cystic fibrosis']
SRR1014122	   - -        -   eye         	Host Body-Site: Organ; Eye	['Host Body-Site']	['Organ; Eye']
SRR33848949	   cystic fibrosis airway                    -	Infection: Disease; Cystic fibrosis	['Infection']	['Disease; Cystic fibrosis']
SRR12695631	   Cystic fibrosis sputum           -         	Infection: Disease; Cystic fibrosis	['Infection']	['Disease; Cystic fibrosis']
SRR26953609	   - eye    -       -      -   	Host Body-Site: Organ; Eye	['Host Body-Site']	['Organ; Eye']
SRR10414517	   Cystic Fibrosis Log phase culture in SCFM           - -        	Infection: Disease; Cystic fibrosis	['Infection']	['Disease; Cystic fibrosis']
ERR2286130	        CF respiratory sample                	Infection: Disease; Cystic fibrosis	['Infection']	['Disease; Cystic fibrosis']
SRR10023748	   Cystic fibrosis sputum        -   -         	Infection: Disease; Cystic fibrosis	['Infection']	['Disease; Cystic fibrosis']
SRR3121784	   Cystic Fibrosis sputum                    	Infection: Disease; Cystic fibrosis	['Infection']	['Disease; Cystic fibrosis']
SRR32179630	   - Adaptive laboratory evolution culture                    -	Engineered: Laboratory, Engineered: Laboratory; Lab enrichment	['Engineered', 'Engineered']	['Laboratory', 'Laboratory; Lab enrichment']
SRR8510690	   - tracheal secretions             -     -  		[]	[]
SRR9642603	CF sputum and knee infection.   cystic fibrosis sputum              -      	Infection: Disease; Cystic fibrosis	['Infection']	['Disease; Cystic fibrosis']
SRR10230517	   Cystic fibrosis Sputum sample           - -        	Infection: Disease; Cystic fibrosis	['Infection']	['Disease; Cystic fibrosis']
ERR953527	        Portion of Sputum    -            		[]	[]
SRR22024279	 CF patients CF patients Cystic fibrosis sputum                    	Infection: Disease; Cystic fibrosis	['Infection']	['Disease; Cystic fibrosis']
SRR37059562	a single cystic fibrosis airway sample   Cystic fibrosis Respiratory sputum                    	Infection: Disease; Cystic fibrosis	['Infection']	['Disease; Cystic fibrosis']
SRR22319601	initial detection in Cystic Fibrosis patients: 7-year longitudinal genetic diversity study   Cystic fibrosis sputum                    	Infection: Disease; Cystic fibrosis	['Infection']	['Disease; Cystic fibrosis']
SRR33574348	   cystic fibrosis bronchial wash                    -	Infection: Disease; Cystic fibrosis	['Infection']	['Disease; Cystic fibrosis']
SRR1639025	   - culture               - -    	Engineered: Food production, Engineered: Food production; Aquaculture, Engineered: Laboratory, Engineered: Laboratory; Lab enrichment	['Engineered', 'Engineered', 'Engineered', 'Engineered']	['Food production', 'Food production; Aquaculture', 'Laboratory', 'Laboratory; Lab enrichment']
SRR8775058	a Cystic Fibrosis patient   Cystic Fibrosis sputum                  -  	Infection: Disease; Cystic fibrosis	['Infection']	['Disease; Cystic fibrosis']
SRR15793189	Queensland, Australia   - -               Cystic fibrosis not collected    	Infection: Disease; Cystic fibrosis	['Infection']	['Disease; Cystic fibrosis']
SRR36346580	   - eye                  Corneal scraping  -	Host Body-Site: Organ; Eye	['Host Body-Site']	['Organ; Eye']
SRR23497251	   human lung    -             -   		[]	[]
SRR10023729	   Cystic fibrosis sputum        -   -         	Infection: Disease; Cystic fibrosis	['Infection']	['Disease; Cystic fibrosis']
SRR8612873	   cystic fibrosis throat                  throat  	Infection: Disease; Cystic fibrosis	['Infection']	['Disease; Cystic fibrosis']
SRR9031856	   Cystic Fibrosis sputum              -      	Infection: Disease; Cystic fibrosis	['Infection']	['Disease; Cystic fibrosis']
SRR9889983	   Cystic Fibrosis sputum                    	Infection: Disease; Cystic fibrosis	['Infection']	['Disease; Cystic fibrosis']
SRR18924763	cystic fibrosis patients   Cystic fibrosis sputum lung                    	Infection: Disease; Cystic fibrosis	['Infection']	['Disease; Cystic fibrosis']
SRR2043986	   - Outer Ear Infection                    	Host Body-Site: Organ; Ear	['Host Body-Site']	['Organ; Ear']
SRR10093385	 a Pediatric Patient with Cystic Fibrosis in Mexico a Pediatric Patient with Cystic Fibrosis in Mexico bacteremia blood        -   -         	Infection: Disease; Cystic fibrosis	['Infection']	['Disease; Cystic fibrosis']
SRR26058668	   Cystic Fibrosis sputum    -       -      -   	Infection: Disease; Cystic fibrosis	['Infection']	['Disease; Cystic fibrosis']
SRR8182773	   cystic fibrosis induced morning sputum             -     -  	Infection: Disease; Cystic fibrosis	['Infection']	['Disease; Cystic fibrosis']
ERR2591786	        laboratory culture                	Engineered: Laboratory, Engineered: Laboratory; Lab enrichment	['Engineered', 'Engineered']	['Laboratory', 'Laboratory; Lab enrichment']
SRR5311699	   Chronic Airway Infection Sputum29             -       -		[]	[]
SRR9673762	   Cystic fibrosis sputum              -      	Infection: Disease; Cystic fibrosis	['Infection']	['Disease; Cystic fibrosis']
SRR27501761	 a single patient CF a single patient CF cystic fibrosis (CF) sputum cytobacteriological examinations of a same CF patient  -          chronic disease       - -	Infection: Disease; Cystic fibrosis	['Infection']	['Disease; Cystic fibrosis']
SRR13767060	   Cystic fibrosis not applicable                    	Infection: Disease; Cystic fibrosis	['Infection']	['Disease; Cystic fibrosis']
SRR2939282	   - ear                    	Host Body-Site: Organ; Ear	['Host Body-Site']	['Organ; Ear']
SRR11213088	   conjunctiva infection eye            - -       	Host Body-Site: Organ; Eye	['Host Body-Site']	['Organ; Eye']
SRR25422541	   Cystic fibrosis sputum                    	Infection: Disease; Cystic fibrosis	['Infection']	['Disease; Cystic fibrosis']
ERR6004007	        cystic fibrosis airways sample from Munich, Germany    -            	Infection: Disease; Cystic fibrosis	['Infection']	['Disease; Cystic fibrosis']
ERR246336	a Danish and an Argentinian cystic fibrosis patient        -                	Infection: Disease; Cystic fibrosis	['Infection']	['Disease; Cystic fibrosis']
SRR36760477	health care workers and from patients in Diyala hospitals-Iraq health care workers and from patients in Diyala hospitals-Iraq. health care workers and from patients in Diyala hospitals-Iraq. Otitis externa Ear swab                  -  -	Host Body-Site: Organ; Ear	['Host Body-Site']	['Organ; Ear']
SRR37069584	   Cystic Fibrosis urine                  -  -	Infection: Disease; Cystic fibrosis	['Infection']	['Disease; Cystic fibrosis']
SRR25436271	chronic airway infections   cystic fibrosis sputum                    	Infection: Disease; Cystic fibrosis	['Infection']	['Disease; Cystic fibrosis']
SRR17017347	   Cystic Fibrosis sputum                    	Infection: Disease; Cystic fibrosis	['Infection']	['Disease; Cystic fibrosis']
DRR514233	   missing ear discharge                    	Host Body-Site: Organ; Ear	['Host Body-Site']	['Organ; Ear']
SRR17036807	   Cystic Fibrosis not applicable                    	Infection: Disease; Cystic fibrosis	['Infection']	['Disease; Cystic fibrosis']
SRR34771002	patients with urinary tract and ear infections patients with ear infection Sampple 5 patients with ear infection Sampple 5 - -                    	Host Body-Site: Organ; Ear	['Host Body-Site']	['Organ; Ear']
SRR22801516	cystic fibrosis patients   Cystic Fibrosis sputum    -             -   	Infection: Disease; Cystic fibrosis	['Infection']	['Disease; Cystic fibrosis']
ERR705903	cystic fibrosis patients             - 8/16/2006          	Infection: Disease; Cystic fibrosis	['Infection']	['Disease; Cystic fibrosis']
SRR9841424	 sputum specimens sputum specimens Cystic fibrosis sputum                    	Infection: Disease; Cystic fibrosis	['Infection']	['Disease; Cystic fibrosis']
ERR705716	four Italian cystic fibrosis patients             - -          	Infection: Disease; Cystic fibrosis	['Infection']	['Disease; Cystic fibrosis']
SRR35957298	   missing ear                  -  -	Host Body-Site: Organ; Ear	['Host Body-Site']	['Organ; Ear']
ERR17526017	    Bronchial lavage    -                		[]	[]
SRR1825713	 a Cystic fibrosis patient a Cystic fibrosis patient Cystic fibrosis sputum                    	Infection: Disease; Cystic fibrosis	['Infection']	['Disease; Cystic fibrosis']
SRR15405717	the sinuses of adults with cystic fibrosis   Cystic fibrosis Paranasal sinus                    	Infection: Disease; Cystic fibrosis	['Infection']	['Disease; Cystic fibrosis']
ERR7226858	    -    -     Lung 1           		[]	[]
SRR25119420	   Cystic fibrosis Sputum Sample                    	Infection: Disease; Cystic fibrosis	['Infection']	['Disease; Cystic fibrosis']
ERR15968496	companion animals in Germany    Dog,ear    - No               	Host Body-Site: Organ; Ear	['Host Body-Site']	['Organ; Ear']
SRR9670643	   Cystic fibrosis sputum              -      	Infection: Disease; Cystic fibrosis	['Infection']	['Disease; Cystic fibrosis']
ERR233209	cystic fibrosis patients        -                	Infection: Disease; Cystic fibrosis	['Infection']	['Disease; Cystic fibrosis']
SRR30338947	CF patients Pseudomonas aeruginosa WGS Pseudomonas aeruginosa WGS Cystic fibrosis sputum                    	Infection: Disease; Cystic fibrosis	['Infection']	['Disease; Cystic fibrosis']
SRR35833210	   Cystic Fibrosis LB medium                  -  -	Infection: Disease; Cystic fibrosis	['Infection']	['Disease; Cystic fibrosis']
SRR39912302	   - Ex vivo lung section cultured in SCFM                    	Engineered: Food production	['Engineered']	['Food production']
SRR28260643	   not applicable not applicable  synthetic cystic fibrosis sputum medium (SCFM2)                 RNA-seq of Pseudomonas aeruginosa PAO1 grown in SCFM2, 6 hour static in 4-well chamber slides, replicate group 4, sample 1 	Infection: Disease; Cystic fibrosis	['Infection']	['Disease; Cystic fibrosis']
SRR17220693	   - Ear (Canis lupus familiaris)                    	Host Body-Site: Organ; Ear	['Host Body-Site']	['Organ; Ear']
SRR15523648	   Infection Ear Swab               - -    	Host Body-Site: Organ; Ear	['Host Body-Site']	['Organ; Ear']
ERR4147078	        Adaptive laboratory evolution colture   -             	Engineered: Laboratory	['Engineered']	['Laboratory']
SRR32300557	   diseased Cystic fibrosis cough swab                    -	Infection: Disease; Cystic fibrosis	['Infection']	['Disease; Cystic fibrosis']
SRR11218711	cystic fibrosis patients   cystic fibrosis, lung infection sputum sample            - -       	Infection: Disease; Cystic fibrosis	['Infection']	['Disease; Cystic fibrosis']
ERR12131212	the study of Kos et al 2017.    cystic fibrosis                    	Infection: Disease; Cystic fibrosis	['Infection']	['Disease; Cystic fibrosis']
SRR40198574	   Cystic Fibrosis lung             -       -	Infection: Disease; Cystic fibrosis	['Infection']	['Disease; Cystic fibrosis']
SRR25798612	   - ear swab    -       -      -   	Host Body-Site: Organ; Ear	['Host Body-Site']	['Organ; Ear']
ERR431534	a 2.5 year long persistent infection in an Australian pediatric Cystic Fibrosis patient.                        	Infection: Disease; Cystic fibrosis	['Infection']	['Disease; Cystic fibrosis']
SRR5642376	   not collected eye drainage    -             -   -	Host Body-Site: Organ; Eye	['Host Body-Site']	['Organ; Eye']
SRR27608436	   - inner ear  -          -       - -	Host Body-Site: Organ; Ear	['Host Body-Site']	['Organ; Ear']
SRR15305005	a patient with cystic fibrosis Pseudomonas aeruginosa from a cystic fibrosis patient Pseudomonas aeruginosa from a cystic fibrosis patient Cystic Fibrosis Bronchalveolar Lavage                    	Infection: Disease; Cystic fibrosis	['Infection']	['Disease; Cystic fibrosis']
SRR6164153	 sputum sputum - -    sutum             cystic fibrosis   	Infection: Disease; Cystic fibrosis	['Infection']	['Disease; Cystic fibrosis']
ERR445120	Australian pediatric Cystic Fibrosis patients.                        	Infection: Disease; Cystic fibrosis	['Infection']	['Disease; Cystic fibrosis']
SRR11564069	   - cystic fibrosis sputum           -         	Infection: Disease; Cystic fibrosis	['Infection']	['Disease; Cystic fibrosis']
SRR36421863	Patient 9 cystic fibrosis child cystic fibrosis child Cystic fibrosis sputum                  -  -	Infection: Disease; Cystic fibrosis	['Infection']	['Disease; Cystic fibrosis']
SRR5590236	   - cystic fibrosis patients    -             -   -	Infection: Disease; Cystic fibrosis	['Infection']	['Disease; Cystic fibrosis']
SRR35316738	   cystic fibrosis label                  -  -	Infection: Disease; Cystic fibrosis	['Infection']	['Disease; Cystic fibrosis']
SRR13104352	   cystic fibrosis expectorated sputum            -  -      	Infection: Disease; Cystic fibrosis	['Infection']	['Disease; Cystic fibrosis']
SRR12830011	   cystic fibrosis sputum            -  -      	Infection: Disease; Cystic fibrosis	['Infection']	['Disease; Cystic fibrosis']
SRR36366199	   - Human eye                  -  -	Host Body-Site: Organ; Eye	['Host Body-Site']	['Organ; Eye']
SRR14526117	 whole sputum samples whole sputum samples - Whole sputum                    		[]	[]
SRR15458637	   Chronic suppurative otitis media ear canal               - -    	Host Body-Site: Organ; Ear	['Host Body-Site']	['Organ; Ear']
SRR8907357	"""""Defining the core essential genome of Pseudomonas aeruginosa""""""   - wound                    "		[]	[]
SRR9673758	   Cystic fibrosis sputum              -      	Infection: Disease; Cystic fibrosis	['Infection']	['Disease; Cystic fibrosis']
SRR13015522	   Cystic Fibrosis sputum            -  -      	Infection: Disease; Cystic fibrosis	['Infection']	['Disease; Cystic fibrosis']
SRR1173050	   - -           right ear         	Host Body-Site: Organ; Ear	['Host Body-Site']	['Organ; Ear']
ERR1457159	    - - - - Sputum sample                		[]	[]
SRR8400048	   Cystic fibrosis lungs             -     -  	Infection: Disease; Cystic fibrosis	['Infection']	['Disease; Cystic fibrosis']
SRR8400045	   Cystic fibrosis lungs             -     -  	Infection: Disease; Cystic fibrosis	['Infection']	['Disease; Cystic fibrosis']
SRR35978000	   - Infected ear                  -  -	Host Body-Site: Organ; Ear	['Host Body-Site']	['Organ; Ear']
SRR34876309	   cystic fibrosis 33.42 N 107.40 E                  -  -	Infection: Disease; Cystic fibrosis	['Infection']	['Disease; Cystic fibrosis']
SRR14585691	   Cystic fibrosis sputum                    	Infection: Disease; Cystic fibrosis	['Infection']	['Disease; Cystic fibrosis']
SRR15098259	human samples, Victoria, Australia   missing ear                    	Host Body-Site: Organ; Ear	['Host Body-Site']	['Organ; Ear']
ERR10814912	    eye liquid sample from keratitis patient, Bristol, UK                    	Host Body-Site: Organ; Eye	['Host Body-Site']	['Organ; Eye']
SRR30156008	   Cystic fibrosis Airway                    	Infection: Disease; Cystic fibrosis	['Infection']	['Disease; Cystic fibrosis']
SRR33903773	   Cystic Fibrosis Respiratory culture                    	Engineered: Laboratory; Lab enrichment, Infection: Disease; Cystic fibrosis	['Engineered', 'Infection']	['Laboratory; Lab enrichment', 'Disease; Cystic fibrosis']
SRR14469093	CF sputum CF Sputum CF Sputum Cystic Fibrosis sputum                    	Infection: Disease; Cystic fibrosis	['Infection']	['Disease; Cystic fibrosis']
ERR706016	cystic fibrosis patients             - 1973          	Infection: Disease; Cystic fibrosis	['Infection']	['Disease; Cystic fibrosis']
SRR2288354	   - cell culture    -             -   	Engineered: Laboratory, Engineered: Laboratory; Lab enrichment	['Engineered', 'Engineered']	['Laboratory', 'Laboratory; Lab enrichment']
ERR3988583	        -   Pseudomonas aeruginosa, clinical ear swab Norwich             	Host Body-Site: Organ; Ear	['Host Body-Site']	['Organ; Ear']
SRR21839729	   cystic fibrosis missing                    	Infection: Disease; Cystic fibrosis	['Infection']	['Disease; Cystic fibrosis']
SRR20966461	   Cystic Fibrosis sputum                    	Infection: Disease; Cystic fibrosis	['Infection']	['Disease; Cystic fibrosis']
SRR33597899	   cystic fibrosis label                    -	Infection: Disease; Cystic fibrosis	['Infection']	['Disease; Cystic fibrosis']
SRR13755579	   Cystic Fibrosis patient                    	Infection: Disease; Cystic fibrosis	['Infection']	['Disease; Cystic fibrosis']
SRR33368507	   cystic fibrosis label                    -	Infection: Disease; Cystic fibrosis	['Infection']	['Disease; Cystic fibrosis']
SRR9673765	   Cystic fibrosis sputum              -      	Infection: Disease; Cystic fibrosis	['Infection']	['Disease; Cystic fibrosis']
SRR18079104	   cystic fibrosis lab-1                    	Engineered: Laboratory, Infection: Disease; Cystic fibrosis	['Engineered', 'Infection']	['Laboratory', 'Disease; Cystic fibrosis']
SRR18286280	   - cystic fibrosis isolate                    	Infection: Disease; Cystic fibrosis	['Infection']	['Disease; Cystic fibrosis']
SRR28116530	   not applicable not applicable  Phosphate-buffered saline          -       RNA-seq of Pseudomonas aeruginosa PAO1 grown on PIA, washed, and suspended in PBS, sample 3 -	Engineered: Laboratory	['Engineered']	['Laboratory']
SRR22486339	   cystic fibrosis Lab strain    -             -   	Engineered: Laboratory, Infection: Disease; Cystic fibrosis	['Engineered', 'Infection']	['Laboratory', 'Disease; Cystic fibrosis']
SRR13681255	colonization to chronic infection of skin wounds   skin wounds rabbit ear full-thickness excision wounds            -  6 hours post infection      	Host Body-Site: Organ; Ear	['Host Body-Site']	['Organ; Ear']
