seq_id	term	p.value	p.adj	significant
PA0313	Host Body-Site: Organ; Ear	0.200146215873553	0.365706496820831	FALSE
PA0366	Host Body-Site: Organ; Ear	0.0169096072202015	0.0601230478940499	FALSE
PA0425	Host Body-Site: Organ; Ear	0.288730759488034	0.454395949358217	FALSE
PA0506	Host Body-Site: Organ; Ear	4.77069497213408e-05	0.000654266739035531	TRUE
PA0652	Host Body-Site: Organ; Ear	0.910663570144731	0.964247756883293	FALSE
PA0707	Host Body-Site: Organ; Ear	0.518843605606822	0.619533952179986	FALSE
PA0997	Host Body-Site: Organ; Ear	0.396641499433735	0.559964469788802	FALSE
PA1097	Host Body-Site: Organ; Ear	0.0218721933599868	0.0749903772342405	FALSE
PA1179	Host Body-Site: Organ; Ear	0.205736471408913	0.365753726949179	FALSE
PA1333	Host Body-Site: Organ; Ear	0.914026519545621	0.964247756883293	FALSE
PA1430	Host Body-Site: Organ; Ear	0.485543594881653	0.601706601558423	FALSE
PA1544	Host Body-Site: Organ; Ear	0.426725343304789	0.593704825467532	FALSE
PA1713	Host Body-Site: Organ; Ear	1	1	FALSE
PA2020	Host Body-Site: Organ; Ear	1	1	FALSE
PA2121	Host Body-Site: Organ; Ear	0.495281326267233	0.60186085217284	FALSE
PA2312	Host Body-Site: Organ; Ear	0.0631737091265176	0.183778062913506	FALSE
PA2435	Host Body-Site: Organ; Ear	0.156063483268878	0.34147461750526	FALSE
PA2491	Host Body-Site: Organ; Ear	0.366577790199061	0.533204058471361	FALSE
PA2492	Host Body-Site: Organ; Ear	0.568529312177769	0.649747785346022	FALSE
PA3217	Host Body-Site: Organ; Ear	0.38734386011612	0.555000157778321	FALSE
PA3476	Host Body-Site: Organ; Ear	0.534737543907169	0.626034197744979	FALSE
PA3477	Host Body-Site: Organ; Ear	0.71131810825926	0.784902740148149	FALSE
PA3565	Host Body-Site: Organ; Ear	0.195053356079725	0.365706496820831	FALSE
PA3574	Host Body-Site: Organ; Ear	0.44668098336212	0.601706601558423	FALSE
PA3703	Host Body-Site: Organ; Ear	0.0460162342965859	0.138048702889758	FALSE
PA3817	Host Body-Site: Organ; Ear	0.912977654934864	0.964247756883293	FALSE
PA4420	Host Body-Site: Organ; Ear	0.00503928267335369	0.0241885568320977	TRUE
PA4462	Host Body-Site: Organ; Ear	0.286291929545968	0.454395949358217	FALSE
PA4522	Host Body-Site: Organ; Ear	0.176254510750041	0.361203066212631	FALSE
PA4526	Host Body-Site: Organ; Ear	5.28524211126296e-08	2.53691621340622e-06	TRUE
PA4796	Host Body-Site: Organ; Ear	0.1768390011666	0.361203066212631	FALSE
PA4848	Host Body-Site: Organ; Ear	0.0920192533210415	0.232469692600526	FALSE
PA0313	Host Body-Site: Organ; Eye	0.109678881393269	0.263229315343846	FALSE
PA0366	Host Body-Site: Organ; Eye	0.56774676147556	0.649747785346022	FALSE
PA0425	Host Body-Site: Organ; Eye	1	1	FALSE
PA0506	Host Body-Site: Organ; Eye	0.00214312144777979	0.0114299810548256	TRUE
PA0652	Host Body-Site: Organ; Eye	0.172907386480656	0.361203066212631	FALSE
PA0707	Host Body-Site: Organ; Eye	0.366442237789458	0.533204058471361	FALSE
PA0997	Host Body-Site: Organ; Eye	0.000342630468332965	0.00274104374666372	TRUE
PA1097	Host Body-Site: Organ; Eye	0.000851918710668333	0.00545227974827733	TRUE
PA1179	Host Body-Site: Organ; Eye	0.287304094206889	0.454395949358217	FALSE
PA1333	Host Body-Site: Organ; Eye	0.364083196678557	0.533204058471361	FALSE
PA1430	Host Body-Site: Organ; Eye	0.276465605748069	0.454395949358217	FALSE
PA1544	Host Body-Site: Organ; Eye	0.156509199689911	0.34147461750526	FALSE
PA1713	Host Body-Site: Organ; Eye	0.0259002660121043	0.0828587583939653	FALSE
PA2020	Host Body-Site: Organ; Eye	0.153643644344206	0.34147461750526	FALSE
PA2121	Host Body-Site: Organ; Eye	1.93789265358252e-05	0.000372075389487844	TRUE
PA2312	Host Body-Site: Organ; Eye	0.00837237609925636	0.0349455698055918	TRUE
PA2435	Host Body-Site: Organ; Eye	0.00897275282121761	0.0358910112848705	TRUE
PA2491	Host Body-Site: Organ; Eye	0.074825446591119	0.205506782753422	FALSE
PA2492	Host Body-Site: Organ; Eye	0.00604973576267975	0.0276559349151074	TRUE
PA3217	Host Body-Site: Organ; Eye	0.0039022217307195	0.019716488744688	TRUE
PA3476	Host Body-Site: Organ; Eye	0.201900461786501	0.365706496820831	FALSE
PA3477	Host Body-Site: Organ; Eye	0.484127527809691	0.601706601558423	FALSE
PA3565	Host Body-Site: Organ; Eye	0.618791738720192	0.690744266478354	FALSE
PA3574	Host Body-Site: Organ; Eye	0.22308670527569	0.382434351901183	FALSE
PA3703	Host Body-Site: Organ; Eye	0.351997404710136	0.533204058471361	FALSE
PA3817	Host Body-Site: Organ; Eye	0.473438469451679	0.601706601558423	FALSE
PA4420	Host Body-Site: Organ; Eye	0.00753162250444849	0.0328652618375934	TRUE
PA4462	Host Body-Site: Organ; Eye	0.000130881625292574	0.00117786799314871	TRUE
PA4522	Host Body-Site: Organ; Eye	0.0749243478788519	0.205506782753422	FALSE
PA4526	Host Body-Site: Organ; Eye	1.03291445757305e-06	3.30532626423377e-05	TRUE
PA4796	Host Body-Site: Organ; Eye	6.6666728721517e-05	0.000792054172087072	TRUE
PA4848	Host Body-Site: Organ; Eye	0.00164900949696413	0.00931205362991507	TRUE
PA0313	Infection: Disease; Cystic fibrosis	0.026756474064718	0.0828587583939653	FALSE
PA0366	Infection: Disease; Cystic fibrosis	0.0264803449106643	0.0828587583939653	FALSE
PA0425	Infection: Disease; Cystic fibrosis	0.462456793070018	0.601706601558423	FALSE
PA0506	Infection: Disease; Cystic fibrosis	0.447874515619487	0.601706601558423	FALSE
PA0652	Infection: Disease; Cystic fibrosis	0.318418464892225	0.493035042413768	FALSE
PA0707	Infection: Disease; Cystic fibrosis	0.189806989206029	0.365706496820831	FALSE
PA0997	Infection: Disease; Cystic fibrosis	0.000530655479764522	0.00363878043267101	TRUE
PA1097	Infection: Disease; Cystic fibrosis	1.41900192820717e-05	0.00034056046276972	TRUE
PA1179	Infection: Disease; Cystic fibrosis	1	1	FALSE
PA1333	Infection: Disease; Cystic fibrosis	0.522731772151863	0.619533952179986	FALSE
PA1430	Infection: Disease; Cystic fibrosis	0.196108310109826	0.365706496820831	FALSE
PA1544	Infection: Disease; Cystic fibrosis	0.0776435845613728	0.207049558830327	FALSE
PA1713	Infection: Disease; Cystic fibrosis	0.0901120042359245	0.232469692600526	FALSE
PA2020	Infection: Disease; Cystic fibrosis	0.217997509200414	0.380504743331632	FALSE
PA2121	Infection: Disease; Cystic fibrosis	7.4255078633163e-05	0.000792054172087072	TRUE
PA2312	Infection: Disease; Cystic fibrosis	0.000528779040390753	0.00363878043267101	TRUE
PA2435	Infection: Disease; Cystic fibrosis	0.00164488328840844	0.00931205362991507	TRUE
PA2491	Infection: Disease; Cystic fibrosis	0.458771574758673	0.601706601558423	FALSE
PA2492	Infection: Disease; Cystic fibrosis	0.00944742590131369	0.0362781154610445	TRUE
PA3217	Infection: Disease; Cystic fibrosis	0.100202847965456	0.246653164222661	FALSE
PA3476	Infection: Disease; Cystic fibrosis	0.186232907299075	0.365706496820831	FALSE
PA3477	Infection: Disease; Cystic fibrosis	1	1	FALSE
PA3565	Infection: Disease; Cystic fibrosis	0.612350341019384	0.690744266478354	FALSE
PA3574	Infection: Disease; Cystic fibrosis	0.126843478493603	0.296999364277704	FALSE
PA3703	Infection: Disease; Cystic fibrosis	0.488886613766219	0.601706601558423	FALSE
PA3817	Infection: Disease; Cystic fibrosis	0.465651716781691	0.601706601558423	FALSE
PA4420	Infection: Disease; Cystic fibrosis	0.865808733775532	0.944518618664217	FALSE
PA4462	Infection: Disease; Cystic fibrosis	0.000134964040881623	0.00117786799314871	TRUE
PA4522	Infection: Disease; Cystic fibrosis	0.0115247439335759	0.0425529006778188	TRUE
PA4526	Infection: Disease; Cystic fibrosis	4.39559465176326e-15	4.21977086569273e-13	TRUE
PA4796	Infection: Disease; Cystic fibrosis	3.09755062856226e-05	0.000495608100569962	TRUE
PA4848	Infection: Disease; Cystic fibrosis	0.268585956284703	0.45235529479529	FALSE
